<?xml version="1.0" encoding="UTF-8" standalone="yes"?>
<service xmlns="http://www.activegrid.com/namespaces/ServiceDefinitions/1.0" id="CatalogService" class="de.zabonline.srv.db.CatalogManagement" CRUDService="false" type="JavaService" springFile="CatalogService.spring.xml">
    <operation name="addCatalogItem">
        <parameter name="aCatalog" typeRef="java.lang.String" isList="false"/>
        <parameter name="aTenantId" typeRef="java.lang.Integer" isList="false"/>
        <parameter name="aCountryId" typeRef="java.lang.Integer" isList="false"/>
        <parameter name="aDoNotDelete" typeRef="java.lang.Boolean" isList="false"/>
        <parameter name="aCaption" typeRef="java.lang.String" isList="false"/>
        <parameter name="aDesc" typeRef="java.lang.String" isList="false"/>
        <return typeRef="de.zabonline.srv.Results.ProcResults" isList="true"/>
    </operation>
    <operation name="addCountryCodes">
        <parameter name="aTenantId" typeRef="java.lang.Integer" isList="false"/>
        <parameter name="aCountryCode" typeRef="java.lang.String" isList="false"/>
        <parameter name="aCountryDesc" typeRef="java.lang.String" isList="false"/>
        <parameter name="aCurrencyCode" typeRef="java.lang.String" isList="false"/>
        <parameter name="aCurrencyDesc" typeRef="java.lang.String" isList="false"/>
        <parameter name="aDesc" typeRef="java.lang.String" isList="false"/>
        <parameter name="aDoNotDelete" typeRef="java.lang.Boolean" isList="false"/>
        <return typeRef="de.zabonline.srv.Results.ProcResults" isList="true"/>
    </operation>
    <dataobjects/>
</service>
