<!DOCTYPE hibernate-mapping PUBLIC "-//Hibernate/Hibernate Mapping DTD 3.0//EN" "http://hibernate.sourceforge.net/hibernate-mapping-3.0.dtd">
<hibernate-mapping>
    <class name="com.zabonlinedb.data.TableStore" table="V_TABLE_STORE" dynamic-insert="false" dynamic-update="false">
        <id name="id" type="integer">
            <column name="ID"/>
            <generator class="assigned"/>
        </id>
        <property name="label" type="string">
            <column name="LABEL" length="64"/>
        </property>
        <property name="tableName" type="string">
            <column name="TABLE_NAME" length="24"/>
        </property>
        <property name="description" type="string">
            <column name="DESCRIPTION" length="2000"/>
        </property>
        <property name="donotdelete" type="short">
            <column name="DONOTDELETE"/>
        </property>
        <property name="softdel" type="short">
            <column name="SOFTDEL"/>
        </property>
        <property name="creUser" type="string">
            <column name="CRE_USER" length="32" not-null="true"/>
        </property>
        <property name="creDate" type="date">
            <column name="CRE_DATE" length="8" not-null="true"/>
        </property>
        <property name="chgUser" type="string">
            <column name="CHG_USER" length="32"/>
        </property>
        <property name="chgDate" type="date">
            <column name="CHG_DATE" length="8"/>
        </property>
        <set name="reltablestorefieldstores" inverse="true" cascade="">
            <key>
                <column name="TABLE_ID" not-null="true"/>
            </key>
            <one-to-many class="com.zabonlinedb.data.RelTableStoreFieldStore"/>
        </set>
        <many-to-one name="tenant" class="com.zabonlinedb.data.Tenant" cascade="none">
            <column name="TENANT_ID" not-null="true"/>
        </many-to-one>
        <many-to-one name="tag" class="com.zabonlinedb.data.Tag" cascade="none">
            <column name="TAG_ID"/>
        </many-to-one>
        <many-to-one name="category" class="com.zabonlinedb.data.Category" cascade="none">
            <column name="CATEGORY_ID"/>
        </many-to-one>
        <set name="datasheets" inverse="true" cascade="">
            <key>
                <column name="TABLE_STORE_ID"/>
            </key>
            <one-to-many class="com.zabonlinedb.data.Datasheet"/>
        </set>
    </class>
</hibernate-mapping>