<!DOCTYPE hibernate-mapping PUBLIC "-//Hibernate/Hibernate Mapping DTD 3.0//EN" "http://hibernate.sourceforge.net/hibernate-mapping-3.0.dtd">
<hibernate-mapping>
    <class name="com.zabonlinedb.data.Updatehistory" table="V_UPDATEHISTORY" dynamic-insert="false" dynamic-update="false">
        <id name="id" type="integer">
            <column name="ID"/>
            <generator class="assigned"/>
        </id>
        <property name="number" type="integer">
            <column name="NUMBER" not-null="true"/>
        </property>
        <property name="subitem" type="integer">
            <column name="SUBITEM" not-null="true"/>
        </property>
        <property name="script" type="string">
            <column name="SCRIPT" not-null="true"/>
        </property>
        <property name="description" type="string">
            <column name="DESCRIPTION" length="2000"/>
        </property>
        <property name="creUser" type="string">
            <column name="CRE_USER" length="32" not-null="true"/>
        </property>
        <property name="creDate" type="timestamp">
            <column name="CRE_DATE" length="19" not-null="true"/>
        </property>
        <property name="chgUser" type="string">
            <column name="CHG_USER" length="32"/>
        </property>
        <property name="chgDate" type="timestamp">
            <column name="CHG_DATE" length="19"/>
        </property>
    </class>
</hibernate-mapping>