<?xml version="1.0" encoding="UTF-8" standalone="yes"?>
<beans xsi:schemaLocation="http://schema.cloudfoundry.org/spring http://schema.cloudfoundry.org/spring/cloudfoundry-spring-0.8.xsd http://www.springframework.org/schema/beans http://www.springframework.org/schema/beans/spring-beans-3.1.xsd" xmlns="http://www.springframework.org/schema/beans" xmlns:cloud="http://schema.cloudfoundry.org/spring" xmlns:xsi="http://www.w3.org/2001/XMLSchema-instance">
    <import resource="classpath:CatalogService.spring.xml"/>
    <import resource="classpath:FactoryService.spring.xml"/>
    <import resource="classpath:FileUploadDownload.spring.xml"/>
    <import resource="classpath:Miscellaneous.spring.xml"/>
    <import resource="classpath:MiscellaneousAnonym.spring.xml"/>
    <import resource="classpath:RegistryService.spring.xml"/>
    <import resource="classpath:ResultStructs.spring.xml"/>
    <import resource="classpath:ZABonlineAdminService.spring.xml"/>
    <import resource="classpath:ZABonlineDB.spring.xml"/>
    <import resource="classpath:ZABonlineDBService.spring.xml"/>
    <import resource="classpath:ZABonlineGrantsService.spring.xml"/>
    <import resource="classpath:ZABonlineSessionMgrService.spring.xml"/>
    <import resource="classpath:addressBookService.spring.xml"/>
    <import resource="classpath:securityService.spring.xml"/>
    <import resource="classpath:runtimeService.spring.xml"/>
    <import resource="classpath:waveMakerService.spring.xml"/>
</beans>
